"protein","totalFat","calories","starch","sucrose","glucose","lactose","alcohol","adj_protein","caffeine","theobromine","sugars","fiber","calcium","iron","magnesium","sodium","vitA","vitD","vitC","monoFat","polyFat","transFat","satFat","cholesterol","carbohydrate","id","desc","foodGroup","fgId","choFact","nfactor","proFact","fatFact","energy"
"0.85g","81.11g","717kcal","0","0","0","0","0g","0","0mg","0mg","0.06g","0g","24mg","0.02mg","2mg","643mg","2499IU","60IU","0mg","21.021g","3.043g","3.278g","51.368g","215mg","0.06g","01001","Butter, salted","Dairy and Egg Products","0100","3.87","6.38","4.27","8.79","3000kJ"
"24.04g","33.82g","406kcal","0","0g","0g","0.18g","0g","0","0mg","0mg","0.28g","0g","675mg","0.16mg","27mg","644mg","994IU","24IU","0mg","8.428g","1.433g","1.179g","19.368g","102mg","1.33g","01009","Cheese, cheddar","Dairy and Egg Products","0100","NULL","NULL","NULL","NULL","1698kJ"
"11.12g","4.3g","98kcal","0","0g","0g","2.67g","0g","0","0mg","0mg","2.67g","0g","83mg","0.07mg","8mg","364mg","140IU","3IU","0mg","0.778g","0.123g","0","1.718g","17mg","3.38g","01012","Cheese, cottage, creamed, large or small curd","Dairy and Egg Products","0100","3.87","6.38","4.27","8.79","412kJ"
"10.34g","0.29g","72kcal","0","0g","0.29g","1.56g","0g","0","0mg","0mg","1.85g","0g","86mg","0.15mg","11mg","372mg","8IU","0IU","0mg","0.079g","0.003g","0","0.169g","7mg","6.66g","01014","Cheese, cottage, nonfat, uncreamed, dry, large or small curd","Dairy and Egg Products","0100","3.87","6.38","4.27","8.79","303kJ"
"14.21g","21.28g","264kcal","0","0","0","0","0g","0","0mg","0mg","4.09g","0g","493mg","0.65mg","19mg","917mg","422IU","16IU","0mg","4.623g","0.591g","0","14.946g","89mg","4.09g","01019","Cheese, feta","Dairy and Egg Products","0100","3.87","6.38","4.27","8.79","1103kJ"
"28.42g","27.84g","420kcal","0","0g","0g","0g","0g","0","0mg","0mg","0.07g","0g","853mg","0.49mg","34mg","1804mg","974IU","21IU","0mg","7.13g","1.386g","0.876g","15.371g","86mg","13.91g","01032","Cheese, parmesan, grated","Dairy and Egg Products","0100","3.87","6.38","4.27","8.79","1757kJ"
"11.26g","12.98g","174kcal","0","0","0","0","0g","0","0mg","0mg","0.27g","0g","207mg","0.38mg","11mg","84mg","445IU","10IU","0mg","3.627g","0.385g","0","8.295g","51mg","3.04g","01036","Cheese, ricotta, whole milk","Dairy and Egg Products","0100","3.87","6.38","4.27","8.79","728kJ"
"11.39g","7.91g","138kcal","0","0","0","0","0g","0","0mg","0mg","0.31g","0g","272mg","0.44mg","15mg","99mg","384IU","6IU","0mg","2.314g","0.26g","0","4.927g","31mg","5.14g","01037","Cheese, ricotta, part skim milk","Dairy and Egg Products","0100","3.87","6.38","4.27","8.79","578kJ"
"26.93g","27.8g","380kcal","0","0.14g","0.48g","0.06g","0g","0","0mg","0mg","1.32g","0g","791mg","0.2mg","38mg","70mg","830IU","20IU","0mg","7.274g","0.972g","0","17.779g","92mg","5.38g","01040","Cheese, swiss","Dairy and Egg Products","0100","3.87","6.38","4.27","8.79","1591kJ"
"2.05g","37g","345kcal","0","0","0","0","0g","0","0mg","0mg","2.79g","0g","65mg","0.03mg","7mg","38mg","1470IU","27IU","0.6mg","10.686g","1.374g","0","23.032g","137mg","2.79g","01053","Cream, fluid, heavy whipping","Dairy and Egg Products","0100","3.87","6.38","4.27","8.79","1443kJ"
"2.07g","19.73g","193kcal","0g","0g","0g","2.88g","0g","0","0mg","0mg","2.88g","0g","110mg","0.17mg","10mg","47mg","576IU","14IU","0.9mg","5.068g","0.84g","0","11.507g","52mg","2.88g","01056","Cream, sour, cultured","Dairy and Egg Products","0100","3.87","6.38","4.27","8.79","809kJ"
"3.15g","3.25g","61kcal","0","0g","0g","5.05g","0g","0","0mg","0mg","5.05g","0g","113mg","0.03mg","10mg","43mg","162IU","51IU","0mg","0.812g","0.195g","0","1.865g","10mg","4.8g","01077","Milk, whole, 3.25% milkfat, with added vitamin D","Dairy and Egg Products","0100","3.87","6.38","4.27","8.79","254kJ"
"3.48g","1.92g","51kcal","0","0","0","0","0g","0","0","0","0","0g","128mg","0.05mg","14mg","52mg","204IU","40IU","1mg","0.555g","0.071g","0","1.195g","8mg","4.97g","01080","Milk, reduced fat, fluid, 2% milkfat, with added nonfat milk solids and vitamin A and vitamin D","Dairy and Egg Products","0100","3.87","6.38","4.27","8.79","213kJ"
"0.76g","0.09g","24kcal","0","0","0","0","0g","0","0mg","0mg","5.12g","0g","103mg","0.08mg","10mg","48mg","7IU","0","0.1mg","0.025g","0.004g","0","0.057g","1mg","5.12g","01112","Whey, acid, fluid","Dairy and Egg Products","0100","3.87","6.38","4.27","8.79","100kJ"
"3.47g","3.25g","61kcal","0","0","0","0","0g","0","0mg","0mg","4.66g","0g","121mg","0.05mg","12mg","46mg","99IU","2IU","0.5mg","0.893g","0.092g","0","2.096g","13mg","4.66g","01116","Yogurt, plain, whole milk, 8 grams protein per 8 ounce","Dairy and Egg Products","0100","3.87","6.38","4.27","8.79","257kJ"
"12.56g","9.51g","143kcal","0","0g","0.37g","0g","0g","0","0mg","0mg","0.37g","0g","56mg","1.75mg","12mg","142mg","540IU","82IU","0mg","3.658g","1.911g","0.038g","3.126g","372mg","0.72g","01123","Egg, whole, raw, fresh","Dairy and Egg Products","0100","3.68","6.25","4.36","9.02","599kJ"
"10.9g","0.17g","52kcal","0","0.07g","0.34g","0.07g","0g","0","0mg","0mg","0.71g","0g","7mg","0.08mg","11mg","166mg","0IU","0IU","0mg","0g","0g","0","0g","0mg","0.73g","01124","Egg, white, raw, fresh","Dairy and Egg Products","0100","3.68","6.25","4.36","9.02","216kJ"
"15.86g","26.54g","322kcal","0","0.07g","0.18g","0.07g","0g","0","0mg","0mg","0.56g","0g","129mg","2.73mg","5mg","48mg","1442IU","218IU","0mg","11.738g","4.204g","0","9.551g","1085mg","3.59g","01125","Egg, yolk, raw, fresh","Dairy and Egg Products","0100","3.68","6.25","4.36","9.02","1346kJ"
"30.52g","35.59g","452kcal","0","0","0","0","0g","0","0mg","0mg","2.17g","0g","895mg","1.88mg","54mg","423mg","1745IU","26IU","0mg","8.117g","0.845g","0","24.609g","105mg","2.17g","01156","Cheese, goat, hard type","Dairy and Egg Products","0100","3.87","6.38","4.27","8.79","1891kJ"
"21.58g","29.84g","364kcal","0","0","0","0","0g","0","0mg","0mg","0.12g","0g","298mg","1.62mg","29mg","415mg","1464IU","22IU","0mg","6.808g","0.709g","0","20.639g","79mg","0.12g","01157","Cheese, goat, semisoft type","Dairy and Egg Products","0100","3.87","6.38","4.27","8.79","1523kJ"
"18.52g","21.08g","264kcal","0","0","0","0","0g","0","0mg","0mg","0g","0g","140mg","1.9mg","16mg","459mg","1033IU","15IU","0mg","4.807g","0.501g","0","14.575g","46mg","0g","01159","Cheese, goat, soft type","Dairy and Egg Products","0100","3.87","6.38","4.27","8.79","1106kJ"
"7g","14.1g","181kcal","0","0","0","0","0g","0","0mg","0mg","0.3g","0g","141mg","0.06mg","11mg","70mg","436IU","10IU","0.9mg","4.1g","0.5g","0","8.7g","35mg","7g","01178","Sour cream, reduced fat","Dairy and Egg Products","0100","NULL","NULL","NULL","NULL","757kJ"
"3.5g","10.6g","136kcal","0","0","0","0","0g","0","0mg","0mg","0.22g","0g","141mg","0.07mg","10mg","83mg","328IU","8IU","0.9mg","3.1g","0.4g","0","6.6g","35mg","7.1g","01179","Sour cream, light","Dairy and Egg Products","0100","NULL","NULL","NULL","NULL","569kJ"
"10.19g","0.39g","59kcal","0","0g","0g","2.54g","0g","0","0mg","0mg","3.24g","0g","110mg","0.07mg","11mg","36mg","4IU","0IU","0mg","0.053g","0.012g","0.006g","0.117g","5mg","3.6g","01256","Yogurt, Greek, plain, nonfat","Dairy and Egg Products","0100","NULL","NULL","NULL","NULL","246kJ"
"27.35g","20.41g","309kcal","0","0g","0g","0.18g","0g","0","0mg","0mg","0.26g","0g","761mg","0.12mg","27mg","628mg","522IU","13IU","0mg","5.304g","0.893g","0.733g","12.602g","76mg","4.06g","01260","Cheese, cheddar, reduced fat","Dairy and Egg Products","0100","NULL","NULL","NULL","NULL","1294kJ"
"26.08g","36.24g","508kcal","0","3.69g","2.88g","0g","0g","0","0mg","0mg","6.79g","12.2g","266mg","9.21mg","370mg","13mg","31IU","0IU","7.1mg","22.518g","10.088g","0g","1.989g","0mg","28.09g","02024","Spices, mustard seed, ground","Spices and Herbs","0200","4.07","5.4","3.47","8.37","2126kJ"
"0g","0g","0kcal","0","0","0","0","0g","0","0mg","0mg","0g","0g","24mg","0.33mg","1mg","38758mg","0IU","0IU","0mg","0g","0g","0","0g","0mg","0g","02047","Salt, table","Spices and Herbs","0200","NULL","0","NULL","NULL","0kJ"
"0g","0g","21kcal","0","0g","0.1g","0g","0g","0","0mg","0mg","0.4g","0g","7mg","0.2mg","5mg","5mg","0IU","0IU","0mg","0g","0g","0g","0g","0mg","0.93g","02048","Vinegar, cider","Spices and Herbs","0200","NULL","0","NULL","NULL","90kJ"
"0g","100g","884kcal","0","0","0","0","0g","0","0mg","0mg","0g","0g","1mg","0.56mg","0mg","2mg","0IU","0IU","0mg","72.961g","10.523g","0","13.808g","0mg","0g","04053","Oil, olive, salad or cooking","Fats and Oils","0400","NULL","0","NULL","8.84","3699kJ"
"0g","50.1g","449kcal","0","0","0","0","0g","0","0mg","0mg","2.5g","0g","0mg","0mg","0mg","1mg","0IU","0IU","0mg","14.8g","24.1g","0","9.1g","0mg","2.5g","04135","Salad dressing, home recipe, vinegar and oil","Fats and Oils","0400","3.8","6.25","4.36","8.84","1878kJ"
"0g","100g","884kcal","0","0","0","0","0g","0","0mg","0mg","0g","0g","0mg","0mg","0mg","0mg","0IU","0IU","0mg","63.276g","28.142g","0.395g","7.365g","0mg","0g","04582","Oil, canola","Fats and Oils","0400","NULL","0","NULL","8.84","3699kJ"
"0g","100g","884kcal","0","0","0","0","0g","0","0mg","0mg","0g","0g","0mg","0mg","0mg","0mg","0IU","0","0mg","59.715g","7.095g","31.228g","28.421g","0mg","0g","04664","Oil, industrial, soy (partially hydrogenated ), palm, principal uses icings and fillings","Fats and Oils","0400","NULL","6.25","NULL","8.84","3699kJ"
"18.74g","3.61g","113kcal","0","0","0","0","0g","0","0mg","0mg","0g","0g","9mg","1.15mg","21mg","95mg","60IU","0","0mg","1.12g","0.9g","0","0.93g","72mg","0g","05119","Chicken, roasting, dark meat, meat only, raw","Poultry Products","0500","3.87","6.25","4.27","9.02","473kJ"
"21.28g","2.5g","108kcal","0.05g","0.1g","0g","0g","0g","0","0mg","0mg","0.1g","0g","11mg","1.04mg","25mg","124mg","43IU","13IU","0mg","0.756g","0.613g","0","0.683g","79mg","0.1g","05187","Turkey from whole, dark meat, meat only, raw","Poultry Products","0500","NULL","NULL","NULL","NULL","451kJ"
"0g","0g","5kcal","0","0","0","0","0","0","0","0","0.85g","0g","0mg","0mg","0","400mg","213IU","0","0mg","0","0","0g","0g","0mg","1.28g","06615","SWANSON BROTH, Vegetable Broth","Soups, Sauces, and Gravies","0600","NULL","NULL","NULL","NULL","21kJ"
"16.5g","10.3g","180kcal","0","0","0","0","0g","0","0mg","0mg","0g","0g","7mg","0.83mg","16mg","1039mg","0IU","29IU","0mg","4.897g","1.26g","0","3.422g","59mg","4.2g","07027","Ham, chopped, not canned","Sausages and Luncheon Meats","0700","3.87","6.25","4.27","9.02","752kJ"
"13.8g","36.25g","396kcal","0","0","0","0","0g","0","0mg","0mg","0g","0g","10mg","1.13mg","12mg","929mg","0IU","28IU","0mg","17.18g","3.9g","0","12.96g","71mg","2.7g","07065","Pork and beef sausage, fresh, cooked","Sausages and Luncheon Meats","0700","3.87","6.25","4.27","9.02","1657kJ"
"11.98g","28.23g","309kcal","0","0.24g","0.7g","0g","0g","0","0mg","0mg","0.94g","0g","11mg","0.59mg","11mg","827mg","0IU","43IU","0mg","11.212g","3.626g","0.231g","9.313g","61mg","0.94g","07074","Smoked link sausage, pork","Sausages and Luncheon Meats","0700","3.87","6.25","4.27","9.02","1295kJ"
"12.62g","39.69g","417kcal","0","1g","0g","0g","0g","0","0mg","0mg","1g","0g","5mg","0.41mg","12mg","662mg","37IU","16IU","0mg","17.439g","6.454g","0.133g","13.296g","66mg","1.28g","10123","Pork, cured, bacon, unprepared","Pork Products","1000","3.87","6.25","4.27","9.02","1744kJ"
"2.2g","0.12g","20kcal","0","0.23g","0.65g","0g","0g","0","0mg","0mg","1.88g","2.1g","24mg","2.14mg","14mg","2mg","756IU","0IU","5.6mg","0g","0.05g","0","0.04g","0mg","3.88g","11011","Asparagus, raw","Vegetables and Vegetable Products","1100","3.57","6.25","2.44","8.37","85kJ"
"4.2g","0.5g","29kcal","0","0","0","0","0","0","0","0","0","0","17mg","0.81mg","21mg","6mg","2IU","0IU","38.7mg","0.039g","0.276g","0","0.072g","0mg","4.1g","11029","Beans, kidney, mature seeds, sprouted, raw","Vegetables and Vegetable Products","1100","3.57","6.25","2.44","8.37","121kJ"
"2.82g","0.37g","34kcal","0g","0.1g","0.49g","0.21g","0g","0","0mg","0mg","1.7g","2.6g","47mg","0.73mg","21mg","33mg","623IU","0IU","89.2mg","0.011g","0.038g","0","0.039g","0mg","6.64g","11090","Broccoli, raw","Vegetables and Vegetable Products","1100","3.57","NULL","2.44","8.37","141kJ"
"0.93g","0.24g","41kcal","1.43g","3.59g","0.59g","0g","0g","0","0mg","0mg","4.74g","2.8g","33mg","0.3mg","12mg","69mg","16706IU","0IU","5.9mg","0.014g","0.117g","0g","0.037g","0mg","9.58g","11124","Carrots, raw","Vegetables and Vegetable Products","1100","3.84","6.25","2.78","8.37","173kJ"
"6.36g","0.5g","149kcal","0","0","0","0","0g","0","0mg","0mg","1g","2.1g","181mg","1.7mg","25mg","17mg","9IU","0IU","31.2mg","0.011g","0.249g","0","0.089g","0mg","33.06g","11215","Garlic, raw","Vegetables and Vegetable Products","1100","3.84","6.25","2.78","8.37","623kJ"
"2g","0.01g","73kcal","0","0","0","0","0g","0","0mg","0mg","9.6g","1.6g","14mg","3.4mg","17mg","4mg","20IU","0IU","4mg","0.004g","0.001g","0","0g","0mg","17.44g","11226","Jerusalem-artichokes, raw","Vegetables and Vegetable Products","1100","3.84","6.25","2.78","8.37","304kJ"
"1.49g","0.53g","38kcal","0","0g","1.16g","0g","0","0","0","0","1.16g","3.8g","15mg","3.47mg","13mg","9mg","0","212IU","0","0","0","0","0","0","6.86g","11239","Mushrooms, Chanterelle, raw","Vegetables and Vegetable Products","1100","NULL","NULL","NULL","NULL","160kJ"
"1.7g","0.1g","27kcal","0","0","0","0","0g","0","0mg","0mg","2.6g","3.6g","24mg","0.4mg","19mg","20mg","36IU","0IU","62mg","0.007g","0.048g","0","0.013g","0mg","6.2g","11241","Kohlrabi, raw","Vegetables and Vegetable Products","1100","3.57","6.25","2.44","8.37","113kJ"
"1.8g","0.11g","29kcal","0","0","0","0","0g","0","0mg","0mg","2.8g","1.1g","25mg","0.4mg","19mg","21mg","35IU","0IU","54mg","0.008g","0.053g","0","0.014g","0mg","6.69g","11242","Kohlrabi, cooked, boiled, drained, without salt","Vegetables and Vegetable Products","1100","3.57","6.25","2.44","8.37","121kJ"
"3.09g","0.34g","22kcal","0g","0g","1.48g","0g","0g","2.18g","0mg","0mg","1.98g","1g","3mg","0.5mg","9mg","5mg","0IU","7IU","2.1mg","0g","0.16g","0","0.05g","0mg","3.26g","11260","Mushrooms, white, raw","Vegetables and Vegetable Products","1100","3.48","6.25","2.62","8.37","93kJ"
"2.11g","0.35g","22kcal","0","0g","2.01g","0g","0g","0","0mg","0mg","2.5g","1.3g","3mg","0.31mg","0","9mg","0IU","10IU","0mg","0.02g","0.117g","0.004g","0.06g","0mg","3.87g","11265","Mushrooms, portabella, raw","Vegetables and Vegetable Products","1100","3.48","6.25","2.62","8.37","92kJ"
"1.1g","0.1g","40kcal","0g","0.99g","1.97g","0g","0g","0","0mg","0mg","4.24g","1.7g","23mg","0.21mg","10mg","4mg","2IU","0IU","7.4mg","0.013g","0.017g","0","0.042g","0mg","9.34g","11282","Onions, raw","Vegetables and Vegetable Products","1100","3.84","6.25","2.78","8.37","166kJ"
"2.97g","0.79g","36kcal","0","0","0","0","0g","0","0mg","0mg","0.85g","3.3g","138mg","6.2mg","50mg","56mg","8424IU","0IU","133mg","0.295g","0.124g","0","0.132g","0mg","6.33g","11297","Parsley, fresh","Vegetables and Vegetable Products","1100","3.57","6.25","2.44","8.37","151kJ"
"3g","12.52g","265kcal","0","0.33g","0.64g","0g","0g","0","0mg","0mg","1.49g","3.2g","14mg","0.55mg","35mg","342mg","5IU","0IU","13mg","5.299g","4.703g","0","1.883g","0mg","35.11g","11370","Potatoes, hash brown, home-prepared","Vegetables and Vegetable Products","1100","NULL","NULL","NULL","NULL","1109kJ"
"2.06g","0.62g","82kcal","0","0","0","0","0","0","0","0","0","1.4g","10mg","0.98mg","11mg","22mg","0IU","0IU","8.2mg","0.014g","0.269g","0","0.163g","0","17.72g","11390","Potatoes, hash brown, frozen, plain, unprepared","Vegetables and Vegetable Products","1100","4.03","6.25","2.78","8.37","343kJ"
"2.65g","11.59g","219kcal","24.57g","0g","0.26g","0g","0g","0","0mg","0mg","0.27g","3.2g","17mg","0.54mg","28mg","15mg","0IU","0IU","6.7mg","7.295g","2.785g","0.036g","0.934g","0mg","28.51g","11391","Potatoes, hash brown, frozen, plain, prepared, pan fried in canola oil","Vegetables and Vegetable Products","1100","4.03","6.25","2.78","8.37","917kJ"
"2.46g","8.79g","178kcal","0","0","0","0","0","0","0","0","0","3.8g","33mg","0.99mg","15mg","101mg","111IU","0IU","3.8mg","3.149g","1.814g","0","3.373g","23mg","24.13g","11393","Potatoes, hash brown, frozen, with butter sauce, prepared","Vegetables and Vegetable Products","1100","4.03","6.25","2.78","8.37","745kJ"
"2.98g","0.35g","28kcal","0","0","0","0","0","0","0","0","0","0","48mg","0.88mg","25mg","27mg","3000IU","0IU","93.2mg","0.024g","0.167g","0","0.054g","0mg","5.24g","11740","Broccoli, flower clusters, raw","Vegetables and Vegetable Products","1100","3.57","6.25","2.44","8.37","117kJ"
"0.99g","0.3g","31kcal","0g","0g","1.94g","0g","0g","0","0mg","0mg","4.2g","2.1g","7mg","0.43mg","12mg","4mg","3131IU","0IU","127.7mg","0.003g","0.07g","0","0.027g","0mg","6.03g","11821","Peppers, sweet, red, raw","Vegetables and Vegetable Products","1100","NULL","NULL","NULL","NULL","129kJ"
"1.1g","0.3g","23kcal","0","0","0","0","0g","0","0mg","0mg","2.71g","1.9g","6mg","1.68mg","6mg","14mg","2655IU","0IU","84.9mg","0.02g","0.161g","0","0.045g","0mg","5.1g","11943","Pimento, canned","Vegetables and Vegetable Products","1100","3.57","6.25","2.44","8.37","96kJ"
"21.4g","52.52g","590kcal","1g","4.46g","0.03g","0g","0g","0","0mg","0mg","4.63g","9.9g","236mg","3.28mg","268mg","19mg","7IU","0IU","0mg","33.415g","12.368g","0.019g","3.953g","0mg","18.67g","12062","Nuts, almonds, blanched","Nut and Seed Products","1200","4.07","5.18","3.47","8.37","2468kJ"
"18.29g","42.16g","534kcal","0","1.15g","0.4g","0g","0g","0","0mg","0mg","1.55g","27.3g","255mg","5.73mg","392mg","30mg","0IU","0IU","0.6mg","7.527g","28.73g","0","3.663g","0mg","28.88g","12220","Seeds, flaxseed","Nut and Seed Products","1200","4.07","5.3","3.47","8.37","2234kJ"
"19.25g","10.67g","173kcal","0","0","0","0","0g","0","0mg","0mg","0g","0g","18mg","2.12mg","19mg","82mg","13IU","4IU","0mg","6.54g","1.04g","0.784g","2.94g","73mg","0g","13791","Beef, chuck eye roast, boneless, America's Beef Roast, separable lean and fat, trimmed to 0" fat, select, raw","Beef Products","1300","NULL","6.25","NULL","NULL","724kJ"
"6.67g","4g","398kcal","0","0","0","0","0g","0","18mg","323mg","65.55g","3.7g","133mg","1.19mg","83mg","504mg","4IU","0IU","0.2mg","1.325g","0.114g","0","2.377g","0mg","83.73g","14192","Cocoa mix, powder","Beverages","1400","4","6.25","4","9","1664kJ"
"0.12g","0.18g","9kcal","0","0","0","0","0g","0","212mg","0mg","0g","0g","2mg","0.13mg","80mg","14mg","0IU","0IU","0.2mg","0g","0.092g","0g","0.092g","0mg","1.67g","14210","Coffee, brewed, espresso, restaurant-prepared","Beverages","1400","4.07","6.25","3.47","8.37","36kJ"
"7.52g","0.1g","128kcal","0","0","0","0","0","0","0","0","0","7.3g","28mg","2mg","52mg","8mg","6IU","0IU","0mg","0.009g","0.021g","0","0.036g","0mg","24.77g","16002","Beans, adzuki, mature seeds, cooked, boiled, without salt","Legumes and Legume Products","1600","4.07","6.25","3.47","8.37","536kJ"
"21.6g","1.42g","341kcal","0","0","0","0","0g","0","0mg","0mg","2.12g","15.5g","123mg","5.02mg","171mg","5mg","17IU","0IU","0mg","0.123g","0.61g","0","0.366g","0mg","62.36g","16014","Beans, black, mature seeds, raw","Legumes and Legume Products","1600","4.07","6.25","3.47","8.37","1425kJ"
"18.54g","10.8g","193kcal","0","0","0","0","0","0","0","0","0","0","111mg","2.7mg","81mg","9mg","0IU","0IU","0mg","3g","3.827g","0","2.22g","0mg","9.39g","16114","Tempeh","Legumes and Legume Products","1600","4.07","5.71","3.47","8.37","807kJ"
"80.69g","3.39g","338kcal","0","0","0","0","0g","0","0mg","0mg","0g","5.6g","178mg","14.5mg","39mg","1005mg","0IU","0IU","0mg","0.645g","1.648g","0","0.422g","0mg","7.36g","16122","Soy protein isolate","Legumes and Legume Products","1600","4.07","5.71","3.47","8.37","1414kJ"
"23.91g","2.17g","358kcal","47.62g","0","0","0","0","0","0","0","0","10.8g","48mg","7.39mg","59mg","7mg","58IU","0IU","1.7mg","0.5g","1.137g","0","0.379g","0mg","63.1g","16144","Lentils, pink or red, raw","Legumes and Legume Products","1600","4.07","6.25","3.47","8.37","1498kJ"
"7.4g","1.9g","55kcal","0","0","0","0","0","0","0","0","0.99g","0.1g","31mg","1.19mg","27mg","63mg","0IU","0","0mg","0.345g","1.061g","0","0.3g","0mg","2g","16163","MORI-NU, Tofu, silken, extra firm","Legumes and Legume Products","1600","NULL","NULL","NULL","NULL","230kJ"
"7.3g","38.1g","551kcal","0","0","0","0","0g","0","0mg","0mg","0.74g","1.5g","10mg","2.56mg","16mg","249mg","1IU","0","0mg","21.597g","4.894g","0","9.643g","0mg","45.1g","18337","Puff pastry, frozen, ready-to-bake","Baked Products","1800","NULL","0","NULL","NULL","2305kJ"
"0g","0g","53kcal","0","0","0","0","0g","0","0mg","0mg","0g","0.2g","5876mg","11.02mg","27mg","10600mg","0IU","0IU","0mg","0g","0g","0","0g","0mg","27.7g","18369","Leavening agents, baking powder, double-acting, sodium aluminum sulfate","Baked Products","1800","1.9","6.2","1.5","8.4","222kJ"
"0g","0g","0kcal","0","0","0","0","0g","0","0mg","0mg","0g","0g","0mg","0mg","0mg","27360mg","0IU","0IU","0mg","0g","0g","0","0g","0mg","0g","18372","Leavening agents, baking soda","Baked Products","1800","NULL","0","NULL","NULL","0kJ"
"5.52g","28.74g","468kcal","41.7g","0","0","0","0","0","0","0","0","1.4g","20mg","2.26mg","15mg","353mg","0","0","0","14.489g","3.53g","0","8.129g","0","46.79g","18945","Pie crust, deep dish, frozen, unbaked, made with enriched flour","Baked Products","1800","NULL","NULL","NULL","NULL","1958kJ"
"3.41g","28.69g","506kcal","51.85g","0","0","0","0","0","0","0","0","1.4g","12mg","1.15mg","9mg","472mg","0","0","0","11.815g","3.756g","0","11.087g","0","58.52g","18946","Pie crust, refrigerated, regular, baked","Baked Products","1800","NULL","NULL","NULL","NULL","2117kJ"
"2.97g","25.46g","445kcal","44.9g","0","0","0","0","0","0","0","0","1.8g","10mg","1.02mg","8mg","409mg","0","0","0","10.206g","3.292g","0","9.596g","0","51.11g","18948","Pie crust, refrigerated, regular, unbaked","Baked Products","1800","NULL","NULL","NULL","NULL","1864kJ"
"19.6g","13.7g","228kcal","0","0","0","0","0g","0","230mg","2057mg","1.75g","37g","128mg","13.86mg","499mg","21mg","0IU","0IU","0mg","4.57g","0.44g","0","8.07g","0mg","57.9g","19165","Cocoa, dry powder, unsweetened","Sweets","1900","1.33","5.63","1.83","8.37","952kJ"
"0g","0g","387kcal","0","99.8g","0g","0g","0g","0","0mg","0mg","99.8g","0g","1mg","0.05mg","0mg","1mg","0IU","0IU","0mg","0g","0g","0","0g","0mg","99.98g","19335","Sugars, granulated","Sweets","1900","3.87","6.25","NULL","NULL","1618kJ"
"7.79g","42.63g","598kcal","0","23.99g","0g","0g","0","0","80mg","802mg","23.99g","10.9g","73mg","11.9mg","228mg","20mg","39IU","0","0","12.781g","1.257g","0.03g","24.489g","3mg","45.9g","19904","Chocolate, dark, 70-85% cacao solids","Sweets","1900","NULL","NULL","NULL","NULL","2504kJ"
"0g","0g","0kcal","0","0","0","0","0g","0","0mg","0mg","0g","0g","0mg","0mg","0mg","0mg","0IU","0IU","0mg","0g","0g","0g","0g","0mg","100g","19918","Sweetener, herbal extract powder from Stevia leaf","Sweets","1900","NULL","6.25","NULL","NULL","0kJ"
"12.62g","3.1g","335kcal","0","1.7g","0","0","0g","0","0mg","0mg","2.6g","10g","41mg","4.06mg","251mg","11mg","0IU","0IU","0mg","0.949g","0.949g","0","0.677g","0mg","70.59g","20011","Buckwheat flour, whole-groat","Cereal Grains and Pasta","2000","3.78","6.25","3.37","8.37","1402kJ"
"8.46g","3.69g","363kcal","66g","0","0","0","0g","0","0mg","0mg","1.61g","6.4g","138mg","8.5mg","93mg","5mg","5IU","0IU","0mg","0.997g","1.724g","0","0.532g","0mg","76.59g","20017","Corn flour, masa, enriched, white","Cereal Grains and Pasta","2000","4.03","6.25","2.73","8.37","1517kJ"
"0.26g","0.05g","381kcal","0","0","0","0","0g","0","0mg","0mg","0g","0.9g","2mg","0.47mg","3mg","9mg","0IU","0IU","0mg","0.016g","0.025g","0","0.009g","0mg","91.27g","20027","Cornstarch","Cereal Grains and Pasta","2000","4.16","6.25","3.46","8.37","1594kJ"
"14.12g","6.07g","368kcal","52.22g","0","0","0","0","0","0","0","0","7g","47mg","4.57mg","197mg","5mg","14IU","0IU","0","1.613g","3.292g","0","0.706g","0mg","64.16g","20035","Quinoa, uncooked","Cereal Grains and Pasta","2000","4","6.25","4","9","1539kJ"
"6.81g","0.55g","370kcal","0","0","0","0","0","0","0","0","0","2.8g","11mg","1.6mg","23mg","7mg","0IU","0IU","0mg","0.2g","0.198g","0","0.111g","0mg","81.68g","20054","Rice, white, glutinous, raw","Cereal Grains and Pasta","2000","4.16","5.95","3.82","8.37","1548kJ"
"9.89g","0.97g","354kcal","0","0","0","0","0g","0","0mg","0mg","0.22g","2.7g","338mg","4.67mg","19mg","1193mg","0IU","0IU","0mg","0.086g","0.41g","0","0.154g","0mg","74.22g","20082","Wheat flour, white, all-purpose, self-rising, enriched","Cereal Grains and Pasta","2000","4.12","5.7","4.05","8.37","1481kJ"
"10.33g","0.98g","364kcal","0","0","0","0","0g","0","0mg","0mg","0.27g","2.7g","15mg","1.17mg","22mg","2mg","0IU","0IU","0mg","0.087g","0.413g","0","0.155g","0mg","76.31g","20481","Wheat flour, white, all-purpose, unenriched","Cereal Grains and Pasta","2000","4.12","5.7","4.05","8.37","1523kJ"
"2.58g","17.04g","272kcal","25.74g","0g","0.31g","0g","0g","0","0mg","0mg","0.56g","2.7g","19mg","0.6mg","21mg","566mg","2IU","0IU","5.4mg","7.827g","5.665g","0.056g","2.54g","0mg","28.88g","21026","Fast foods, potatoes, hash browns, round pieces or patty","Fast Foods","2100","3.77","6.25","4","9","1140kJ"
"28.4g","27.4g","374kcal","0","0","0","0","0g","0","0mg","0mg","1.31g","0g","961mg","0.17mg","36mg","14mg","818IU","20IU","0mg","7.256g","0.968g","0","17.744g","92mg","3.4g","43405","Cheese, swiss, low sodium","Dairy and Egg Products","0100","NULL","NULL","NULL","NULL","1564kJ"
"75.16g","1.85g","370kcal","0","0","0","0","0g","0","0mg","0mg","0g","0.6g","142mg","5.2mg","25mg","29mg","0IU","0IU","0mg","0.156g","0.81g","0","0.272g","0mg","13.79g","48052","Vital wheat gluten","Cereal Grains and Pasta","2000","NULL","NULL","NULL","NULL","1548kJ"
